bosiella,
X,Y
10,17.77777777777777
15.045871559633028,29.999999999999996
19.9388379204893,30.27777777777777
24.908256880733944,37.08333333333333
29.954128440366972,25.972222222222218
35,0.4166666666666572
